{
  "获得课程评论" : {
    "transaction" : "获得课程评论",
    "sampleCount" : 150,
    "errorCount" : 86,
    "errorPct" : 57.333332,
    "meanResTime" : 624.2999999999998,
    "minResTime" : 20.0,
    "maxResTime" : 1147.0,
    "pct1ResTime" : 1049.0,
    "pct2ResTime" : 1060.9,
    "pct3ResTime" : 1133.7400000000002,
    "throughput" : 0.9156950125144985,
    "receivedKBytesPerSec" : 2.6965668113973504,
    "sentKBytesPerSec" : 0.07974177400647091
  },
  "回复课程评论" : {
    "transaction" : "回复课程评论",
    "sampleCount" : 150,
    "errorCount" : 86,
    "errorPct" : 57.333332,
    "meanResTime" : 606.1933333333333,
    "minResTime" : 10.0,
    "maxResTime" : 1261.0,
    "pct1ResTime" : 1049.0,
    "pct2ResTime" : 1053.6999999999998,
    "pct3ResTime" : 1159.5100000000018,
    "throughput" : 0.9045517041754106,
    "receivedKBytesPerSec" : 1.421123750964855,
    "sentKBytesPerSec" : 0.11043068721808139
  },
  "课程详情页接口" : {
    "transaction" : "课程详情页接口",
    "sampleCount" : 150,
    "errorCount" : 82,
    "errorPct" : 54.666668,
    "meanResTime" : 648.7866666666665,
    "minResTime" : 29.0,
    "maxResTime" : 1081.0,
    "pct1ResTime" : 1051.0,
    "pct2ResTime" : 1064.1499999999999,
    "pct3ResTime" : 1078.45,
    "throughput" : 0.9328822329469127,
    "receivedKBytesPerSec" : 7.377142811054032,
    "sentKBytesPerSec" : 0.07846900032339918
  },
  "对课程提问" : {
    "transaction" : "对课程提问",
    "sampleCount" : 150,
    "errorCount" : 86,
    "errorPct" : 57.333332,
    "meanResTime" : 605.6333333333336,
    "minResTime" : 10.0,
    "maxResTime" : 1100.0,
    "pct1ResTime" : 1042.0,
    "pct2ResTime" : 1052.8,
    "pct3ResTime" : 1083.1700000000003,
    "throughput" : 0.8829242450997704,
    "receivedKBytesPerSec" : 1.3871452667902762,
    "sentKBytesPerSec" : 0.10631879451409737
  },
  "课程搜索接口" : {
    "transaction" : "课程搜索接口",
    "sampleCount" : 150,
    "errorCount" : 82,
    "errorPct" : 54.666668,
    "meanResTime" : 711.8666666666666,
    "minResTime" : 13.0,
    "maxResTime" : 13019.0,
    "pct1ResTime" : 1054.9,
    "pct2ResTime" : 1103.6,
    "pct3ResTime" : 9709.100000000059,
    "throughput" : 0.9389671361502347,
    "receivedKBytesPerSec" : 1.485408108372457,
    "sentKBytesPerSec" : 0.09103579812206573
  },
  "图片视频获取接口" : {
    "transaction" : "图片视频获取接口",
    "sampleCount" : 150,
    "errorCount" : 78,
    "errorPct" : 52.0,
    "meanResTime" : 3390.266666666666,
    "minResTime" : 301.0,
    "maxResTime" : 21403.0,
    "pct1ResTime" : 9644.2,
    "pct2ResTime" : 11926.249999999996,
    "pct3ResTime" : 19450.720000000034,
    "throughput" : 0.9432479169941833,
    "receivedKBytesPerSec" : 142.6557464431693,
    "sentKBytesPerSec" : 0.0888716396792957
  },
  "发布精彩瞬间" : {
    "transaction" : "发布精彩瞬间",
    "sampleCount" : 150,
    "errorCount" : 86,
    "errorPct" : 57.333332,
    "meanResTime" : 641.5533333333333,
    "minResTime" : 9.0,
    "maxResTime" : 6525.0,
    "pct1ResTime" : 1049.0,
    "pct2ResTime" : 1060.0,
    "pct3ResTime" : 3748.0500000000493,
    "throughput" : 0.8883624518803672,
    "receivedKBytesPerSec" : 1.3956891286644952,
    "sentKBytesPerSec" : 0.12992300858750372
  },
  "查找课程提问" : {
    "transaction" : "查找课程提问",
    "sampleCount" : 150,
    "errorCount" : 86,
    "errorPct" : 57.333332,
    "meanResTime" : 620.3733333333333,
    "minResTime" : 9.0,
    "maxResTime" : 3521.0,
    "pct1ResTime" : 1051.0,
    "pct2ResTime" : 1058.0,
    "pct3ResTime" : 2271.5000000000223,
    "throughput" : 0.8725140620182996,
    "receivedKBytesPerSec" : 1.4725833359993485,
    "sentKBytesPerSec" : 0.0763449804266012
  },
  "添加问题回答" : {
    "transaction" : "添加问题回答",
    "sampleCount" : 150,
    "errorCount" : 86,
    "errorPct" : 57.333332,
    "meanResTime" : 685.3200000000003,
    "minResTime" : 10.0,
    "maxResTime" : 13030.0,
    "pct1ResTime" : 1049.0,
    "pct2ResTime" : 1058.0,
    "pct3ResTime" : 6931.420000000109,
    "throughput" : 0.8777113967899168,
    "receivedKBytesPerSec" : 1.3789783183342208,
    "sentKBytesPerSec" : 0.10349680220481103
  },
  "获取课程评测" : {
    "transaction" : "获取课程评测",
    "sampleCount" : 150,
    "errorCount" : 86,
    "errorPct" : 57.333332,
    "meanResTime" : 815.5,
    "minResTime" : 9.0,
    "maxResTime" : 13029.0,
    "pct1ResTime" : 1049.0,
    "pct2ResTime" : 1060.0,
    "pct3ResTime" : 13028.49,
    "throughput" : 0.8937189432667215,
    "receivedKBytesPerSec" : 1.4097369003145892,
    "sentKBytesPerSec" : 0.07298704703344892
  },
  "Total" : {
    "transaction" : "Total",
    "sampleCount" : 2400,
    "errorCount" : 1347,
    "errorPct" : 56.125,
    "meanResTime" : 818.5412500000002,
    "minResTime" : 7.0,
    "maxResTime" : 21403.0,
    "pct1ResTime" : 1051.0,
    "pct2ResTime" : 1075.8999999999996,
    "pct3ResTime" : 8239.99,
    "throughput" : 13.819551210074453,
    "receivedKBytesPerSec" : 158.46103822257538,
    "sentKBytesPerSec" : 1.4121741428999177
  },
  "添加课程评论接口" : {
    "transaction" : "添加课程评论接口",
    "sampleCount" : 150,
    "errorCount" : 86,
    "errorPct" : 57.333332,
    "meanResTime" : 624.8266666666667,
    "minResTime" : 12.0,
    "maxResTime" : 1988.0,
    "pct1ResTime" : 1050.0,
    "pct2ResTime" : 1068.9,
    "pct3ResTime" : 1800.3200000000033,
    "throughput" : 0.9271392192251589,
    "receivedKBytesPerSec" : 1.4414238270143644,
    "sentKBytesPerSec" : 0.11627871041115533
  },
  "添加课程评测" : {
    "transaction" : "添加课程评测",
    "sampleCount" : 150,
    "errorCount" : 86,
    "errorPct" : 57.333332,
    "meanResTime" : 622.9000000000002,
    "minResTime" : 29.0,
    "maxResTime" : 1114.0,
    "pct1ResTime" : 1050.0,
    "pct2ResTime" : 1052.45,
    "pct3ResTime" : 1106.3500000000001,
    "throughput" : 0.8990703612464712,
    "receivedKBytesPerSec" : 1.4125121187192442,
    "sentKBytesPerSec" : 0.10863766865061526
  },
  "精彩瞬间接口" : {
    "transaction" : "精彩瞬间接口",
    "sampleCount" : 150,
    "errorCount" : 71,
    "errorPct" : 47.333332,
    "meanResTime" : 563.6066666666663,
    "minResTime" : 18.0,
    "maxResTime" : 6518.0,
    "pct1ResTime" : 1048.8,
    "pct2ResTime" : 1054.1499999999999,
    "pct3ResTime" : 3933.320000000046,
    "throughput" : 0.9489646795346277,
    "receivedKBytesPerSec" : 2.2072016435277444,
    "sentKBytesPerSec" : 0.10054330204913106
  },
  "封禁评论" : {
    "transaction" : "封禁评论",
    "sampleCount" : 150,
    "errorCount" : 86,
    "errorPct" : 57.333332,
    "meanResTime" : 606.9466666666667,
    "minResTime" : 8.0,
    "maxResTime" : 1194.0,
    "pct1ResTime" : 1049.0,
    "pct2ResTime" : 1062.0,
    "pct3ResTime" : 1178.7000000000003,
    "throughput" : 0.9213929003605718,
    "receivedKBytesPerSec" : 1.447582629747477,
    "sentKBytesPerSec" : 0.07332751832036218
  },
  "点赞课程评论" : {
    "transaction" : "点赞课程评论",
    "sampleCount" : 150,
    "errorCount" : 88,
    "errorPct" : 58.666668,
    "meanResTime" : 627.9733333333335,
    "minResTime" : 26.0,
    "maxResTime" : 1101.0,
    "pct1ResTime" : 1048.9,
    "pct2ResTime" : 1057.9,
    "pct3ResTime" : 1094.88,
    "throughput" : 0.9100616415085182,
    "receivedKBytesPerSec" : 1.4332167380053875,
    "sentKBytesPerSec" : 0.08152635538513808
  },
  "获取用户信息" : {
    "transaction" : "获取用户信息",
    "sampleCount" : 150,
    "errorCount" : 86,
    "errorPct" : 57.333332,
    "meanResTime" : 700.6133333333333,
    "minResTime" : 7.0,
    "maxResTime" : 13020.0,
    "pct1ResTime" : 1047.9,
    "pct2ResTime" : 1058.0,
    "pct3ResTime" : 8180.100000000086,
    "throughput" : 0.8674080113803931,
    "receivedKBytesPerSec" : 1.4245934205656656,
    "sentKBytesPerSec" : 0.06541702085827131
  }
}