{
  "发布精彩瞬间" : {
    "transaction" : "发布精彩瞬间",
    "sampleCount" : 1000,
    "errorCount" : 0,
    "errorPct" : 0.0,
    "meanResTime" : 59.15300000000005,
    "minResTime" : 31.0,
    "maxResTime" : 166.0,
    "pct1ResTime" : 82.0,
    "pct2ResTime" : 94.0,
    "pct3ResTime" : 126.94000000000005,
    "throughput" : 7.853978825673087,
    "receivedKBytesPerSec" : 0.9587376496182967,
    "sentKBytesPerSec" : 2.692135320128177
  },
  "查找课程提问" : {
    "transaction" : "查找课程提问",
    "sampleCount" : 1000,
    "errorCount" : 0,
    "errorPct" : 0.0,
    "meanResTime" : 51.67300000000005,
    "minResTime" : 27.0,
    "maxResTime" : 255.0,
    "pct1ResTime" : 72.0,
    "pct2ResTime" : 79.94999999999993,
    "pct3ResTime" : 99.97000000000003,
    "throughput" : 7.870235556150195,
    "receivedKBytesPerSec" : 1.0760087674424095,
    "sentKBytesPerSec" : 1.6140131511636142
  },
  "获得课程评论" : {
    "transaction" : "获得课程评论",
    "sampleCount" : 1000,
    "errorCount" : 0,
    "errorPct" : 0.0,
    "meanResTime" : 96.964,
    "minResTime" : 43.0,
    "maxResTime" : 251.0,
    "pct1ResTime" : 140.89999999999998,
    "pct2ResTime" : 159.0,
    "pct3ResTime" : 192.0,
    "throughput" : 7.842030144763876,
    "receivedKBytesPerSec" : 26.20647183142772,
    "sentKBytesPerSec" : 1.6005706057184084
  },
  "获取课程评测" : {
    "transaction" : "获取课程评测",
    "sampleCount" : 1000,
    "errorCount" : 0,
    "errorPct" : 0.0,
    "meanResTime" : 87.09699999999995,
    "minResTime" : 29.0,
    "maxResTime" : 427.0,
    "pct1ResTime" : 150.0,
    "pct2ResTime" : 177.89999999999986,
    "pct3ResTime" : 251.92000000000007,
    "throughput" : 7.849170342694778,
    "receivedKBytesPerSec" : 1.0731287577903015,
    "sentKBytesPerSec" : 1.502380260906422
  },
  "Total" : {
    "transaction" : "Total",
    "sampleCount" : 10000,
    "errorCount" : 0,
    "errorPct" : 0.0,
    "meanResTime" : 73.62959999999968,
    "minResTime" : 27.0,
    "maxResTime" : 794.0,
    "pct1ResTime" : 121.0,
    "pct2ResTime" : 142.0,
    "pct3ResTime" : 185.0,
    "throughput" : 77.29468599033817,
    "receivedKBytesPerSec" : 162.8925120772947,
    "sentKBytesPerSec" : 16.92330917874396
  },
  "课程详情页接口" : {
    "transaction" : "课程详情页接口",
    "sampleCount" : 1000,
    "errorCount" : 0,
    "errorPct" : 0.0,
    "meanResTime" : 124.17200000000004,
    "minResTime" : 62.0,
    "maxResTime" : 253.0,
    "pct1ResTime" : 164.0,
    "pct2ResTime" : 176.0,
    "pct3ResTime" : 206.96000000000004,
    "throughput" : 7.830056454707038,
    "receivedKBytesPerSec" : 111.57065794006876,
    "sentKBytesPerSec" : 1.45284250624447
  },
  "精彩瞬间接口" : {
    "transaction" : "精彩瞬间接口",
    "sampleCount" : 1000,
    "errorCount" : 0,
    "errorPct" : 0.0,
    "meanResTime" : 96.46399999999991,
    "minResTime" : 57.0,
    "maxResTime" : 794.0,
    "pct1ResTime" : 120.0,
    "pct2ResTime" : 128.94999999999993,
    "pct3ResTime" : 153.98000000000002,
    "throughput" : 7.764879450246535,
    "receivedKBytesPerSec" : 17.251074950498893,
    "sentKBytesPerSec" : 1.5620753581550646
  },
  "封禁评论" : {
    "transaction" : "封禁评论",
    "sampleCount" : 1000,
    "errorCount" : 0,
    "errorPct" : 0.0,
    "meanResTime" : 52.56100000000002,
    "minResTime" : 29.0,
    "maxResTime" : 255.0,
    "pct1ResTime" : 72.0,
    "pct2ResTime" : 78.0,
    "pct3ResTime" : 93.99000000000001,
    "throughput" : 7.839816861878107,
    "receivedKBytesPerSec" : 0.9570088942722298,
    "sentKBytesPerSec" : 1.462309590447967
  },
  "对课程提问" : {
    "transaction" : "对课程提问",
    "sampleCount" : 1000,
    "errorCount" : 0,
    "errorPct" : 0.0,
    "meanResTime" : 60.662999999999954,
    "minResTime" : 31.0,
    "maxResTime" : 198.0,
    "pct1ResTime" : 84.0,
    "pct2ResTime" : 97.0,
    "pct3ResTime" : 131.99,
    "throughput" : 7.860275738472906,
    "receivedKBytesPerSec" : 0.9595063157315559,
    "sentKBytesPerSec" : 2.218378601971357
  },
  "课程搜索接口" : {
    "transaction" : "课程搜索接口",
    "sampleCount" : 1000,
    "errorCount" : 0,
    "errorPct" : 0.0,
    "meanResTime" : 58.27499999999997,
    "minResTime" : 31.0,
    "maxResTime" : 474.0,
    "pct1ResTime" : 77.0,
    "pct2ResTime" : 82.0,
    "pct3ResTime" : 96.99000000000001,
    "throughput" : 7.808900584886653,
    "receivedKBytesPerSec" : 2.4631590712093643,
    "sentKBytesPerSec" : 1.6700676055568138
  },
  "获取用户信息" : {
    "transaction" : "获取用户信息",
    "sampleCount" : 1000,
    "errorCount" : 0,
    "errorPct" : 0.0,
    "meanResTime" : 49.27399999999999,
    "minResTime" : 28.0,
    "maxResTime" : 346.0,
    "pct1ResTime" : 68.0,
    "pct2ResTime" : 78.0,
    "pct3ResTime" : 91.0,
    "throughput" : 7.870669164292347,
    "receivedKBytesPerSec" : 2.4134669117068333,
    "sentKBytesPerSec" : 1.3912022643915185
  }
}