{
  "发布精彩瞬间" : {
    "transaction" : "发布精彩瞬间",
    "sampleCount" : 1000,
    "errorCount" : 0,
    "errorPct" : 0.0,
    "meanResTime" : 133.0830000000002,
    "minResTime" : 24.0,
    "maxResTime" : 995.0,
    "pct1ResTime" : 210.0,
    "pct2ResTime" : 220.0,
    "pct3ResTime" : 282.95000000000005,
    "throughput" : 2.6800598189351588,
    "receivedKBytesPerSec" : 0.44754905179483606,
    "sentKBytesPerSec" : 0.918653316842032
  },
  "查找课程提问" : {
    "transaction" : "查找课程提问",
    "sampleCount" : 1000,
    "errorCount" : 0,
    "errorPct" : 0.0,
    "meanResTime" : 95.62799999999986,
    "minResTime" : 12.0,
    "maxResTime" : 533.0,
    "pct1ResTime" : 301.0,
    "pct2ResTime" : 309.0,
    "pct3ResTime" : 329.99,
    "throughput" : 2.680864525192084,
    "receivedKBytesPerSec" : 0.7676069128772647,
    "sentKBytesPerSec" : 0.5497866702054078
  },
  "获得课程评论" : {
    "transaction" : "获得课程评论",
    "sampleCount" : 1000,
    "errorCount" : 0,
    "errorPct" : 0.0,
    "meanResTime" : 1728.2769999999991,
    "minResTime" : 271.0,
    "maxResTime" : 29615.0,
    "pct1ResTime" : 3107.9,
    "pct2ResTime" : 3289.7999999999997,
    "pct3ResTime" : 3503.59,
    "throughput" : 2.660090921907711,
    "receivedKBytesPerSec" : 9.00897980192963,
    "sentKBytesPerSec" : 0.5429287135534292
  },
  "获取课程评测" : {
    "transaction" : "获取课程评测",
    "sampleCount" : 1000,
    "errorCount" : 0,
    "errorPct" : 0.0,
    "meanResTime" : 57.440000000000005,
    "minResTime" : 14.0,
    "maxResTime" : 1258.0,
    "pct1ResTime" : 101.0,
    "pct2ResTime" : 112.89999999999986,
    "pct3ResTime" : 144.98000000000002,
    "throughput" : 2.6814396112985137,
    "receivedKBytesPerSec" : 0.4870583668960191,
    "sentKBytesPerSec" : 0.5132443006001062
  },
  "Total" : {
    "transaction" : "Total",
    "sampleCount" : 10000,
    "errorCount" : 0,
    "errorPct" : 0.0,
    "meanResTime" : 308.01099999999883,
    "minResTime" : 12.0,
    "maxResTime" : 29615.0,
    "pct1ResTime" : 700.0,
    "pct2ResTime" : 2823.899999999998,
    "pct3ResTime" : 3108.0,
    "throughput" : 26.51711016533418,
    "receivedKBytesPerSec" : 18.770478252655025,
    "sentKBytesPerSec" : 5.805796971746019
  },
  "课程详情页接口" : {
    "transaction" : "课程详情页接口",
    "sampleCount" : 1000,
    "errorCount" : 0,
    "errorPct" : 0.0,
    "meanResTime" : 190.645,
    "minResTime" : 31.0,
    "maxResTime" : 1065.0,
    "pct1ResTime" : 318.9,
    "pct2ResTime" : 330.0,
    "pct3ResTime" : 387.94000000000005,
    "throughput" : 2.678408810893624,
    "receivedKBytesPerSec" : 2.537164596256656,
    "sentKBytesPerSec" : 0.496970384833778
  },
  "精彩瞬间接口" : {
    "transaction" : "精彩瞬间接口",
    "sampleCount" : 1000,
    "errorCount" : 0,
    "errorPct" : 0.0,
    "meanResTime" : 430.75899999999956,
    "minResTime" : 74.0,
    "maxResTime" : 1946.0,
    "pct1ResTime" : 779.9,
    "pct2ResTime" : 812.0,
    "pct3ResTime" : 918.96,
    "throughput" : 2.677906733864273,
    "receivedKBytesPerSec" : 2.8617931497806794,
    "sentKBytesPerSec" : 0.5387195187266018
  },
  "封禁评论" : {
    "transaction" : "封禁评论",
    "sampleCount" : 1000,
    "errorCount" : 0,
    "errorPct" : 0.0,
    "meanResTime" : 207.22199999999998,
    "minResTime" : 35.0,
    "maxResTime" : 2007.0,
    "pct1ResTime" : 368.0,
    "pct2ResTime" : 385.0,
    "pct3ResTime" : 454.9100000000001,
    "throughput" : 2.6802537664266053,
    "receivedKBytesPerSec" : 0.4475814395106929,
    "sentKBytesPerSec" : 0.49993014588621254
  },
  "对课程提问" : {
    "transaction" : "对课程提问",
    "sampleCount" : 1000,
    "errorCount" : 0,
    "errorPct" : 0.0,
    "meanResTime" : 117.98699999999995,
    "minResTime" : 24.0,
    "maxResTime" : 416.0,
    "pct1ResTime" : 208.0,
    "pct2ResTime" : 218.94999999999993,
    "pct3ResTime" : 276.99,
    "throughput" : 2.6814683720805514,
    "receivedKBytesPerSec" : 0.44778426916579517,
    "sentKBytesPerSec" : 0.756781601104765
  },
  "课程搜索接口" : {
    "transaction" : "课程搜索接口",
    "sampleCount" : 1000,
    "errorCount" : 0,
    "errorPct" : 0.0,
    "meanResTime" : 60.72599999999994,
    "minResTime" : 16.0,
    "maxResTime" : 6864.0,
    "pct1ResTime" : 94.89999999999998,
    "pct2ResTime" : 102.0,
    "pct3ResTime" : 131.0,
    "throughput" : 2.6804836664727785,
    "receivedKBytesPerSec" : 0.9659164774691945,
    "sentKBytesPerSec" : 0.5732675028882211
  },
  "获取用户信息" : {
    "transaction" : "获取用户信息",
    "sampleCount" : 1000,
    "errorCount" : 0,
    "errorPct" : 0.0,
    "meanResTime" : 58.342999999999996,
    "minResTime" : 13.0,
    "maxResTime" : 229.0,
    "pct1ResTime" : 92.0,
    "pct2ResTime" : 98.94999999999993,
    "pct3ResTime" : 141.98000000000002,
    "throughput" : 2.6831519522613605,
    "receivedKBytesPerSec" : 0.9301942803249833,
    "sentKBytesPerSec" : 0.47426806968682245
  }
}